{
    "mean": [
        18.135271072387695,
        18.993803024291992,
        -0.8585078716278076,
        12.16336441040039,
        -0.3501483201980591,
        -0.38100630044937134,
        0.103513702750206,
        18.589706420898438,
        18.040145874023438,
        17.72832679748535,
        17.587175369262695,
        17.376331329345703,
        0.5515035390853882,
        0.31276455521583557,
        5.975744724273682
    ],
    "std": [
        0.7974607348442078,
        0.930081307888031,
        0.7899394035339355,
        13.835773468017578,
        9.510063171386719,
        9.509300231933594,
        1.6660211086273193,
        1.654181718826294,
        1.7068960666656494,
        1.7360643148422241,
        1.7952520847320557,
        1.8086105585098267,
        0.5442739129066467,
        0.3724808394908905,
        9.974885940551758
    ]
}