{
    "mean": [
        18.63407464363523,
        19.344916118341658,
        -0.7108414143083128,
        31.843912760968642,
        36.525751836775186,
        0.0021388961688101338,
        -0.025369244644625696,
        17.617127339597182,
        18.281129137740734,
        -0.6640018132484612,
        28.78514397378614,
        34.37815843723663,
        0.0031363566401090065,
        -0.025131371041854433,
        -0.04909514096954265,
        -1.0466583239940481,
        -0.0275081407702394,
        -0.02826772770512024,
        -0.07355005927499507,
        0.024454918305452416
    ],
    "std": [
        2.5914424356257117,
        2.6650061674036247,
        0.5703837916624501,
        25.925758400080337,
        25.37409730008591,
        0.04154050794228103,
        0.023934715669730336,
        4.8494648557547695,
        5.020012757033587,
        0.5951305180515731,
        26.046223964363335,
        26.417389140472803,
        0.04123607812075977,
        0.028222744166724677,
        0.22742496761332848,
        12.864342050276031,
        0.04471326180759476,
        0.04810473686183242,
        0.5265817395621304,
        0.5610630238847577
    ]
}