{
    "mean": [
        17.839208981759302,
        18.8311508018816,
        -0.991941815260193,
        15.93228590386011,
        -0.07791565053239576,
        -0.37134144474385394,
        17.67574687532502,
        18.654963527309025,
        -0.9792166773983351,
        13.491600309999804,
        -0.08958145648704342,
        -0.2326852768733288,
        0.02418844271663784,
        -2.2543222499224718,
        18.24035272912572,
        17.680161421290016,
        17.261661667075998,
        17.144825037589406,
        17.04955598396212,
        0.044471435119677376,
        0.06538566856286217,
        9.899991212656618,
        0.11683662948659025,
        0.09526905362728923,
        -0.11004591544576008,
        -0.12208606479758488,
        0.015712548821037307,
        0.008475893895600535,
        0.13865616741357217
    ],
    "std": [
        1.8300110305612416,
        1.9460186597165408,
        0.7787954162981154,
        16.38296663652557,
        0.06113369397586298,
        1.6086481128152372,
        2.590619804513014,
        2.7366831863115038,
        0.8393306655004055,
        17.62488398159209,
        0.07512677999060965,
        1.8741593448252487,
        0.3431661707673844,
        17.075074331315097,
        1.8342136814645786,
        3.9248910962082246,
        3.7690189619868333,
        3.433013058371613,
        3.37007356768499,
        0.281173100255371,
        1.7774803998151112,
        102.43504486653667,
        3.365554672347791,
        3.1023300148495254,
        0.08305582832921818,
        0.09619921062598617,
        0.743457973029723,
        0.7524042139582723,
        1.0795301528941663
    ]
}