{
    "mean": [
        18.17684641099514,
        19.079775559274776,
        -0.902929211545235,
        16.10247319219704,
        18.130513764637755,
        0.03188903225181866,
        -0.0600525388298066,
        17.98725846656283,
        18.909035048090427,
        -0.9217765805516323,
        12.937879818274563,
        15.57642078185734,
        0.029902639137555826,
        -0.07351402157963408,
        -0.03613385956484301,
        -2.437419474846158,
        -0.09194157068981768,
        -0.10341666095112835,
        -0.021257870179369934,
        -0.014875989385473076
    ],
    "std": [
        1.7474300114022578,
        1.9259889537234516,
        0.7718302329387918,
        16.328103247679913,
        17.560449869398735,
        0.048496343068499474,
        0.05303628194473541,
        2.3546266123447825,
        2.5560736685913357,
        0.8505626466927146,
        13.984838777143324,
        19.137119084834953,
        0.04358568951375689,
        0.06908849629891851,
        0.3097586912735715,
        20.27238000719181,
        0.07388153953264985,
        0.08488814040011201,
        0.6728910878218416,
        0.6134789751316273
    ]
}