{
    "mean": [
        18.355854713240046,
        19.216774940490723,
        -0.8609203080134263,
        16.63709531809045,
        18.835559255349974,
        0.02327553619874395,
        -0.05712048207942445,
        18.006157929199752,
        18.897095322088383,
        -0.8909373825180088,
        13.7806791087946,
        16.903769298964974,
        0.023341132760309465,
        -0.06683531050737053,
        -0.02133032587448625,
        -1.76146914683868,
        -0.08039601797677219,
        -0.09017644348802395,
        0.010852722101336483,
        -0.032183047975822734
    ],
    "std": [
        0.7737634267642807,
        0.9610808248048957,
        0.7278028779513467,
        17.90747087240986,
        19.205670404683588,
        0.028859388283576887,
        0.04989961103346716,
        2.5296661229010167,
        2.710350785745374,
        0.8417754764383204,
        15.860023444423069,
        21.52276498815523,
        0.036499536795874754,
        0.06178277831796883,
        0.32071793205812194,
        21.39875573459958,
        0.05913884155930077,
        0.07197634331212215,
        0.6592928359047865,
        0.5928882479948474
    ]
}