{
    "mean": [
        17.998551076649168,
        18.844991194943795,
        -0.8464401089623096,
        12.367950932992922,
        14.533321988836839,
        0.0250164545358541,
        -0.0662862531034407,
        0.12167446154520853,
        17.245802408643836,
        18.076519477805267,
        -0.8307170903125398,
        9.975832171638467,
        12.40294227087057,
        0.025686482236928827,
        -0.07476242010673928,
        -0.3228436266752718,
        0.048046714611138804,
        -1.8010035025719775,
        17.610232372696863,
        17.174893935734094,
        17.134140855811918,
        16.975241216595983,
        16.807886424304737,
        0.46719619374385624,
        0.2600170776904078,
        5.959174896616918,
        0.15889963921593564,
        0.1673547922912464,
        -0.09130270755781815,
        -0.10044890241859622,
        0.049032379721992064,
        -0.0009856651108532634,
        -0.44451808825414335
    ],
    "std": [
        0.8081423089047612,
        0.9551648706107899,
        0.780198097605404,
        14.050184564594552,
        16.096710937431265,
        0.04087852105576243,
        0.05709413598687023,
        1.6375200365797378,
        3.7842116149005123,
        3.9829039667862247,
        0.8319769887757597,
        14.317215130310775,
        18.80819666606329,
        0.03935922879815892,
        0.06856312262354804,
        1.6263252171308087,
        0.37205777552230196,
        20.31713479242077,
        4.030042194693576,
        3.8658477264007938,
        3.330746134576249,
        3.4624175907095722,
        3.34898931208293,
        0.5321054614869403,
        0.36956535581446576,
        9.76814949733625,
        3.215904746602722,
        3.8444631185909994,
        0.06949108892354039,
        0.08249496074319346,
        0.7278301548887435,
        0.6995705314727698,
        0.8868307610249625
    ]
}