{
    "mean": [
        18.054703249575102,
        18.878891331134458,
        -0.8241880867308733,
        12.859385423744508,
        15.17555830790284,
        0.0217067116006938,
        -0.06355364079808996,
        0.058873161592121914,
        17.29744196195628,
        18.114440917539554,
        -0.8169989735210256,
        10.696401968719078,
        13.2038766309572,
        0.02251230937017509,
        -0.07131478133322328,
        -0.3966512488692358,
        0.029364670447763284,
        -1.6573873551515905,
        17.689617983400016,
        17.329872512259428,
        17.27062634795126,
        17.105548870874674,
        16.88239202211828,
        0.47978434623818045,
        0.26208016864509726,
        5.627624436995412,
        0.16507747707658796,
        0.22315684875639358,
        -0.08526035232041292,
        -0.09382709077489193,
        0.03797236055430799,
        -0.008607690106544708,
        -0.455524410482439
    ],
    "std": [
        0.8342135766864694,
        0.9525846335797636,
        0.7740820022026426,
        15.759105444497553,
        17.614338537267017,
        0.04174973908896891,
        0.05657032336709704,
        1.6551872511581516,
        3.76342231565149,
        3.9536169799239738,
        0.8274609621234598,
        15.47804062799006,
        19.52907722991945,
        0.04018089408279901,
        0.06763127050900512,
        1.6505288686409239,
        0.37848175535302003,
        20.124361900615668,
        4.15079188907333,
        3.835289376973334,
        3.328699898682103,
        3.470915427128485,
        3.4500709082917167,
        0.541896676545358,
        0.3677098759779604,
        9.486689857298666,
        3.2076249182654637,
        3.978686687959477,
        0.07060672589011341,
        0.08306066613990042,
        0.7197658955850931,
        0.6946786312692732,
        0.9182263369193044
    ]
}