{
    "mean": [
        18.75578228709767,
        19.41871061834317,
        -0.6629283754044841,
        18.156137397856387,
        21.02578250191274,
        0.006512638704014499,
        -0.04024975084976883,
        17.667137460801207,
        18.327751768445506,
        -0.6606143210654021,
        15.525576410941706,
        18.920266791762224,
        0.0072675677086064166,
        -0.04482274479501162,
        -0.03718152078557607,
        -1.6230212520961695,
        -0.046762389384842486,
        -0.052090312623265154,
        -0.032054475210245376,
        -0.0051270455753306965
    ],
    "std": [
        0.8458850324820884,
        0.871911652848431,
        0.6519179501944453,
        20.812553774871166,
        21.16660305817664,
        0.030609282554292246,
        0.04348150553477445,
        4.273574653655612,
        4.440414420766082,
        0.739532525648507,
        18.729966710116255,
        22.10005192446969,
        0.03476781567341985,
        0.05362645887183015,
        0.29362053358075674,
        18.074833728822647,
        0.05845997586952933,
        0.06890862424067415,
        0.5673072048150128,
        0.5300714235686274
    ]
}