{
    "ZTF17aaazdba": 0.022,
    "ZTF18aabtxvd": 0.071,
    "ZTF18aahqkbt": 0.051,
    "ZTF18abxftqm": 0.09,
    "ZTF18acaqdaa": 0.212,
    "ZTF18acpdvos": 0.04573,
    "ZTF19aabbnzo": 0.091,
    "ZTF19aakswrb": 0.1206,
    "ZTF19aapreis": 0.0512,
    "ZTF19aarioci": 0.074,
    "ZTF19abidbya": 0.117,
    "ZTF19abzrhgq": 0.0151,
    "ZTF19acspeuw": 0.089,
    "ZTF20aabqihu": 0.068,
    "ZTF20abfcszi": 0.07,
    "ZTF20abgwfek": 0.062,
    "ZTF20abisysx": 0.084,
    "ZTF20achpcvt": 0.035,
    "ZTF20acitpfz": 0.02738,
    "ZTF20acqoiyt": 0.061,
    "ZTF21aaaokyp": 0.19,
    "ZTF21aanxhjv": 0.018,
    "ZTF21aauuybx": 0.153,
    "ZTF21abaxaqq": 0.073,
    "ZTF21abcgnqn": 0.047,
    "ZTF21abjrysr": 0.059,
    "ZTF19accmaxo": 0.0878,
    "ZTF18actaqdw": 0.138,
    "ZTF18acnbpmd": 0.34,
    "ZTF19aakiwze": 0.193,
    "ZTF19abhejal": 0.148,
    "ZTF19abhhjcc": 0.152,
    "ZTF20aamqmfk": 0.16,
    "ZTF20abjwvae": 0.159,
    "ZTF20abefeab": 0.093,
    "ZTF20abowque": 0.345,
    "ZTF20abrnwfc": 0.435,
    "ZTF19aatylnl": 0.0813,
    "ZTF20acwytxn": 0.338,
    "ZTF18aakelin": 0.07,
    "ZTF20abnorit": 0.277,
    "ZTF17aaazdb": 0.0222
}